timestamp,gps_lat,gps_lon,gps_alt,gps_fix_type,gps_satellites,gps_speed,imu_xacc,imu_yacc,imu_zacc,imu_xgyro,imu_ygyro,imu_zgyro,baro_pressure,baro_temp,mag_x,mag_y,mag_z,label,residual_lat,residual_lon,residual_alt,residual_mag,predicted_lat,predicted_lon,predicted_alt,residual_mag_mean,residual_mag_std,imu_acc_mag
6.812,-35.0016358,147.6398646,578.11,1,3,0.0,0,0,-1001,0,0,0,945.0282592773438,2673,224,80,-528,0,0.0,0.0,0.0,0.0,-35.0016358,147.6398646,578.11,0.0,0.0,1001.0
6.912,-35.0016358,147.6398646,578.11,1,3,0.0,0,0,-1001,0,0,0,945.0282592773438,2674,224,80,-528,0,0.0,0.0,0.0,0.0,-35.0016358,147.6398646,578.11,0.0,0.0,1001.0
7.011,-35.363261,149.1652299,584.09,6,10,0.0,0,0,-1001,0,0,0,945.0282592773438,2676,224,80,-528,0,-0.36162519999999887,1.5253653000000043,5.980000000000018,6.182063739862229,-35.0016358,147.6398646,578.11,2.0606879132874094,3.5692161643568827,1001.0
7.113,-35.363261,149.1652299,584.09,6,10,0.0,0,0,-1000,0,0,0,945.0282592773438,2677,224,80,-528,0,0.12059698141958819,-0.5086881410426543,-1.9942469410017338,2.0616323916886157,-35.48385798141959,149.67391804104267,586.0842469410018,2.060924032887711,2.9142528330512953,1000.0
7.211,-35.363261,149.1652299,584.09,6,10,0.0,0,0,-1001,0,0,0,945.0282592773438,2679,224,80,-528,0,0.17825429634473267,-0.7518915114880542,-2.947694718569096,3.047297096295878,-35.541515296344734,149.91712141148807,587.0376947185691,2.258198645569345,2.562076998307051,1001.0
7.311,-35.363261,149.1652299,584.09,6,10,0.0,0,0,-1001,0,0,0,945.0282592773438,2680,224,80,-528,0,0.17485197194780966,-0.7375402229871497,-2.891432323433037,2.989133599157345,-35.53811297194781,149.90277012298716,586.9814323234331,2.3800211378340115,2.310938154501912,1001.0
7.413,-35.363261,149.1652299,584.09,6,10,0.0,0,0,-1001,0,0,0,945.0282592773438,2682,224,80,-528,0,0.1595193754500457,-0.6728660502342905,-2.637885482514207,2.7270194299933177,-35.52278037545005,149.8380959502343,586.7278854825142,2.429592322428198,2.1136612180460115,1001.0
7.51,-35.363261,149.1652299,584.09,6,10,0.0,0,0,-1001,0,0,0,945.0282592773438,2683,224,80,-528,0,0.14273728782003303,-0.6020778028101859,-2.3603691920911842,2.4401258854706964,-35.505998287820034,149.7673077028102,586.4503691920912,2.43090901780851,1.956873583568847,1001.0
7.613,-35.363261,149.1652299,584.09,6,10,0.0,0,0,-1001,0,0,0,945.0282592773438,2685,224,80,-528,0,0.12708992665132968,-0.5360759263831198,-2.1016172583518937,2.1726307438003105,-35.49035092665133,149.70130582638313,586.1916172583519,2.402211431807599,1.8325110933610746,1001.0
7.713,-35.363261,149.1652299,584.09,6,10,0.0,0,0,-1001,0,0,0,945.0282592773438,2686,224,80,-528,0,0.1131280364884617,-0.47718350744537474,-1.8707370454299053,1.9339491062490284,-35.47638903648846,149.6424134074454,585.9607370454299,2.355385199251742,1.7340420955839624,1001.0
7.815,-35.363261,149.1652299,584.09,6,10,0.0,0,0,-1001,0,0,0,945.0282592773438,2687,224,80,-528,0,0.10082879147577728,-0.42530426463113713,-1.6673510945176986,1.723690759705251,-35.46408979147578,149.59053416463115,585.7573510945177,2.527754275222267,1.5497743688071872,1001.0
7.911,-35.363261,149.1652299,584.09,6,10,0.0,0,0,-1001,0,0,0,945.0282592773438,2689,224,80,-528,0,0.09001726553059797,-0.3797003451122123,-1.4885667477626612,1.5388653036301279,-35.4532782655306,149.54493024511223,585.5785667477627,2.68164080558528,1.3319890902066513,1001.0
8.014,-35.363261,149.1652299,584.09,6,10,0.0,0,0,-1001,0,0,0,945.0282592773438,2690,224,80,-528,0,0.0804964164348263,-0.339540608353758,-1.3311256247637857,1.3761042571996018,-35.44375741643483,149.50477050835377,585.4211256247638,2.201044857319017,0.5877919826043095,1001.0
8.114,-35.363261,149.1652299,584.09,6,10,0.0,0,0,-1001,0,0,0,945.0282592773438,2692,224,80,-528,0,0.07208604347621161,-0.3040649526993775,-1.1920478439769795,1.232327048901506,-35.43534704347621,149.4692948526994,585.282047843977,2.1181143230403063,0.6632996938655924,1001.0
8.215,-35.363261,149.1652299,584.09,6,10,0.0,0,0,-1001,0,0,0,945.0282592773438,2693,224,80,-528,0,0.06463178242958634,-0.27262225695344,-1.0687807678473291,1.104894787754354,-35.42789278242959,149.43785215695345,585.1587807678474,1.923874092186154,0.645121769960018,1001.0
8.315,-35.363261,149.1652299,584.09,6,10,0.0,0,0,-1001,0,0,0,945.0282592773438,2695,224,80,-528,0,0.0580043470830347,-0.2446671810748171,-0.9591864603366957,0.9915972970257967,-35.421265347083036,149.40989708107483,585.0491864603367,1.7241204619729988,0.5850912521854783,1001.0
8.412,-35.363261,149.1652299,584.09,6,10,0.0,0,0,-1001,0,0,0,945.0282592773438,2696,224,80,-528,0,0.0520960124575609,-0.21974533210388358,-0.8614835318340965,0.8905929940869585,-35.41535701245756,149.3849752321039,584.9514835318341,1.5404778183823633,0.5199039927044713,1001.0
8.51,-35.363261,149.1652299,584.09,6,10,0.0,0,0,-1001,0,0,0,945.0282592773438,2697,224,80,-528,0,0.04681676075212948,-0.1974770074366745,-0.7741834067363698,0.8003430044795781,-35.41007776075213,149.3627069074367,584.8641834067364,1.3764995302832512,0.45973972867825985,1001.0
8.61,-35.363261,149.1652299,584.09,6,10,0.0,0,0,-1001,0,0,0,945.0282592773438,2699,224,80,-528,0,0.04209086319155375,-0.17754277677394725,-0.6960337993187977,0.7195527278406872,-35.405351863191555,149.34277267677396,584.7860337993188,1.2311917286872889,0.40672898199924595,1001.0
8.71,-35.363261,149.1652299,584.09,6,10,0.0,0,0,-1001,0,0,0,945.0282592773438,2700,224,80,-528,0,0.03785407291936593,-0.1596716415085382,-0.6259722941258588,0.6471238497782371,-35.40111507291937,149.32490154150855,584.7159722941259,1.1025092030402097,0.3606370312177604,1001.0
8.811,-35.363261,149.1652299,584.09,6,10,0.0,0,0,-1001,0,0,0,945.0282592773438,2702,224,80,-528,0,0.03405139664756973,-0.14363163535819012,-0.5630894969499423,0.5821162477243332,-35.39731239664757,149.3088615353582,584.65308949695,0.9883517518421179,0.3206165379270902,1001.0
8.911,-35.363261,149.1652299,584.09,6,10,0.0,0,0,-1001,0,0,0,945.0282592773438,2703,224,80,-528,0,0.030635352487088596,-0.1292224757485485,-0.5066002255174453,0.5237182081567519,-35.39389635248709,149.29445237574856,584.5966002255175,0.8868370422947806,0.2857585375805841,1001.0
9.013,-35.363261,149.1652299,584.09,6,10,0.0,0,0,-1001,0,0,0,945.0282592773438,2704,224,80,-528,0,0.027564615243193202,-0.11626984955643138,-0.45582110747341176,0.4712232676212711,-35.390825615243195,149.28149974955645,584.5458211074734,0.7963489433369474,0.25525432149772215,1001.0
9.11,-35.363261,149.1652299,584.09,6,10,0.0,0,0,-1001,0,0,0,945.0282592773438,2706,224,80,-528,0,0.02480296239495061,-0.10462096716290148,-0.4101531506150877,0.4240121940146876,-35.38806396239495,149.26985086716292,584.5001531506151,0.7155174578482656,0.2284278086034813,1001.0
9.21,-35.363261,149.1652299,584.09,6,10,0.0,0,0,-1001,0,0,0,945.0282592773438,2707,224,80,-528,0,0.02231845012198619,-0.09414108686527811,-0.369068117292386,0.3815389005773458,-35.38557945012199,149.2593709868653,584.4590681172924,0.6431818691305647,0.20472636789711507,1001.0
9.312,-35.363261,149.1652299,584.09,6,10,0.0,0,0,-1001,0,0,0,945.0282592773438,2709,224,80,-528,0,0.020082764049668356,-0.08471077626631995,-0.3320977880331384,0.3433193467371457,-35.38334376404967,149.24994067626633,584.4220977880332,0.5783540741016996,0.18370077217184363,1001.0
9.414,-35.363261,149.1652299,584.09,6,10,0.0,0,0,-1001,0,0,0,945.0282592773438,2710,224,80,-528,0,0.01807070230783836,-0.07622373177258623,-0.298825413164991,0.3089227008823814,-35.38133170230784,149.2414536317726,584.388825413165,0.5201870447812419,0.16498479794965648,1001.0
9.51,-35.363261,149.1652299,584.09,6,10,0.0,0,0,-1001,0,0,0,945.0282592773438,2711,224,80,-528,0,0.016259758837996685,-0.06858502094942764,-0.2688788221927325,0.27796421690543965,-35.379520758838,149.23381492094944,584.3588788221928,0.4679491660238281,0.14827767825165522,1001.0
9.615,-35.363261,149.1652299,584.09,6,10,0.0,0,0,-1001,0,0,0,945.0282592773438,2713,224,80,-528,0,0.014629782916784961,-0.06170964636254439,-0.24192479352188911,0.25009941367982297,-35.377890782916786,149.22693954636256,584.3319247935219,0.42100383460774166,0.13332997898658322,1001.0
9.71,-35.363261,149.1652299,584.09,6,10,0.0,0,0,-1000,0,0,0,945.0282592773438,2714,224,80,-528,0,0.013162696989461153,-0.05552135537604386,-0.2176643884246232,0.22501925136106593,-35.37642369698946,149.22075125537606,584.3076643884247,0.37879337476602454,0.11993258109743718,1000.0
9.81,-35.363261,149.1652299,584.09,6,10,0.0,0,0,-1001,0,0,0,945.0282592773438,2715,224,80,-528,0,0.011842259520271625,-0.049951639835427386,-0.19582902942386227,0.20244607725981165,-35.37510325952027,149.21518153983544,584.2858290294239,0.34082635771957237,0.10790821764295193,1001.0
9.914,-35.363261,149.1652299,584.09,6,10,0.0,0,0,-1001,0,0,0,945.0282592773438,2717,224,80,-528,0,0.010653863005956055,-0.044938884071768825,-0.17617716015251972,0.18213017283792418,-35.37391486300596,149.21016878407178,584.2661771601526,0.30666755418768965,0.0971050190179368,1001.0
10.013,-35.363261,149.1652299,584.09,6,10,0.0,0,0,-1001,0,0,0,945.0282592773438,2718,224,80,-528,0,0.009584359843756829,-0.04042763039851138,-0.15849136582755818,0.16384677688358149,-35.37284535984376,149.20565753039853,584.2484913658276,0.2759299051139207,0.08739159848162212,1001.0
10.114,-35.363261,149.1652299,584.09,6,10,0.0,0,0,-1001,0,0,0,945.0282592773438,2719,224,80,-528,0,0.008621910615509876,-0.0363679391608116,-0.14257586440533032,0.14739349189293763,-35.37188291061551,149.20159783916083,584.2325758644054,0.24826803490174565,0.07865330251442454,1001.0
10.215,-35.363261,149.1652299,584.09,6,10,0.0,0,0,-1001,0,0,0,945.0282592773438,2721,224,80,-528,0,0.007755850716705481,-0.032714826165999966,-0.12825430109921854,0.1325880040646982,-35.37101685071671,149.197944726166,584.2182543010993,0.22337294525048085,0.0707893345520679,1001.0
10.312,-35.363261,149.1652299,584.09,6,10,0.0,0,0,-1001,0,0,0,945.0282592773438,2722,224,80,-528,0,0.00697657225502013,-0.02942776452181306,-0.11536779539972031,0.11926606432918177,-35.37023757225502,149.19465766452183,584.2053677953998,0.2009676170096845,0.06371053032331667,1001.0
10.413,-35.363261,149.1652299,584.09,6,10,0.0,0,0,-1001,0,0,0,945.0282592773438,2723,224,80,-528,0,0.006275418865733684,-0.026470240958758495,-0.10377320169357063,0.10727969019385557,-35.369536418865735,149.19170014095877,584.1937732016936,0.1808033159408319,0.05733761823894784,1001.0
10.513,-35.363261,149.1652299,584.09,6,10,0.0,0,0,-1001,0,0,0,945.0282592773438,2725,224,80,-528,0,0.005644591616047023,-0.023809358926826008,-0.0933415532545041,0.0964955571566992,-35.36890559161605,149.18903925892684,584.1833415532545,0.16265644996595785,0.0515998409296499,1001.0
10.612,-35.363261,149.1652299,584.09,6,10,0.0,0,0,-1001,0,0,0,945.0282592773438,2726,224,80,-528,0,0.005077064552011734,-0.021415482365426897,-0.08395666568878823,0.08679355496226754,-35.36833806455201,149.18664538236544,584.1739566656888,0.1463258640942023,0.046433846421926175,1001.0
10.71,-35.363261,149.1652299,584.09,6,10,0.0,0,0,-1001,0,0,0,945.0282592773438,2727,224,80,-528,0,0.0045665087205293275,-0.01926191522173326,-0.07551388052820585,0.0780654887407493,-35.36782750872053,149.18449181522175,584.1655138805282,0.13163048783217063,0.041782781741938224,1001.0
10.815,-35.363261,149.1652299,584.09,6,10,0.0,0,0,-1001,0,0,0,945.0282592773438,2729,224,80,-528,0,0.004107223704522767,-0.017324612660331695,-0.06791893306399288,0.07021390858612461,-35.367368223704524,149.18255451266035,584.157918933064,0.11840727096480194,0.037595539788557245,1001.0
10.91,-35.363261,149.1652299,584.09,6,10,0.0,0,0,-1001,0,0,0,945.0282592773438,2730,224,80,-528,0,0.003694075862824775,-0.015581920553984219,-0.06108693105363727,0.06315105375354249,-35.366955075862826,149.180811820554,584.1510869310537,0.10650935905636376,0.0338261236119423,1001.0
11.011,-35.363261,149.1652299,584.09,6,10,0.0,0,0,-1001,0,0,0,945.0282592773438,2731,224,80,-528,0,0.0033224425831193116,-0.014014340337837439,-0.05494143286205144,0.05679789965093928,-35.36658344258312,149.17924424033785,584.1449414328621,0.09580447133309956,0.03043310195045451,1001.0
11.111,-35.363261,149.1652299,584.09,6,10,0.0,0,0,-1001,0,0,0,945.0282592773438,2733,224,80,-528,0,0.002988161946646528,-0.0126043166908687,-0.04941361509361286,0.051083297345441814,-35.36624916194665,149.17783421669088,584.1394136150936,0.08617345187834999,0.027379136931600687,1001.0
11.213,-35.363261,149.1652299,584.09,6,10,0.0,0,0,-1001,0,0,0,945.0282592773438,2734,224,80,-528,0,0.002687487275352396,-0.011336045812157636,-0.044441520963232506,0.04594319653698414,-35.365948487275354,149.17656594581217,584.1344415209633,0.07750897112557857,0.024630569928658433,1001.0
11.313,-35.363261,149.1652299,584.09,6,10,0.0,0,0,-1001,0,0,0,945.0282592773438,2735,224,80,-528,0,0.0024170460908834457,-0.010195302306215126,-0.03996938162367769,0.0413199439532504,-35.365678046090885,149.17542520230623,584.1299693816237,0.06971435908798543,0.022157055213969223,1001.0
11.412,-35.363261,149.1652299,584.09,6,10,0.0,0,0,-1001,0,0,0,945.0282592773438,2736,224,80,-528,0,0.002173803063691082,-0.00916928289950647,-0.03594700347457547,0.03716164995599678,-35.36543480306369,149.17439918289952,584.1259470034746,0.06270255506419956,0.019931233657119622,1001.0
11.514,-35.363261,149.1652299,584.09,6,10,0.0,0,0,-1001,0,0,0,945.0282592773438,2738,224,80,-528,0,0.001955026572439067,-0.008246465385070678,-0.032329215174058845,0.03342161686718206,-35.36521602657244,149.17347636538508,584.1223292151741,0.056395161035247846,0.017928440574069743,1001.0
11.612,-35.363261,149.1652299,584.09,6,10,0.0,0,0,-1001,0,0,0,945.0282592773438,2739,224,80,-528,0,0.0017582585303657083,-0.007416481347632953,-0.029075368673261437,0.03005782314349234,-35.36501925853037,149.17264638134765,584.1190753686733,0.05072158785337032,0.01612644315727207,1001.0
11.713,-35.363261,149.1652299,584.09,6,10,0.0,0,0,-1001,0,0,0,945.0282592773438,2740,224,80,-528,0,0.001581287167454093,-0.00667000135652529,-0.026148889129785857,0.027032458081421993,-35.364842287167455,149.17189990135654,584.1161488891298,0.04561828478743759,0.014505203862860647,1001.0
11.81,-35.363261,149.1652299,584.09,6,10,0.0,0,0,-1001,0,0,0,945.0282592773438,2741,224,80,-528,0,0.0014221224860904158,-0.0059986314356024195,-0.023516869031254828,0.024311502226288566,-35.36468312248609,149.17122853143562,584.1135168690313,0.04102804415145399,0.013046666811563131,1001.0
11.914,-35.363261,149.1652299,584.09,6,10,0.0,0,0,-1001,0,0,0,945.0282592773438,2743,224,80,-528,0,0.0012789741340313299,-0.0053948197294744205,-0.02114970229251867,0.021864349105592353,-35.36453997413403,149.1706247197295,584.1111497022926,0.03689937368665898,0.011734564755056034,1001.0
12.014,-35.363261,149.1652299,584.09,6,10,0.0,0,0,-1001,0,0,0,945.0282592773438,2744,224,80,-528,0,0.0011502314619420417,-0.004851772384796504,-0.0190207544783334,0.019663464308583962,-35.36441123146194,149.1700816723848,584.1090207544784,0.033185930152423444,0.010554244526013229,1001.0
12.115,-35.363261,149.1652299,584.09,6,10,0.0,0,0,-1001,0,0,0,945.0282592773438,2745,224,80,-528,0,0.001034445554495278,-0.004363377755652209,-0.017106065660982495,0.017684078303422546,-35.3642954455545,149.16959327775567,584.107106065661,0.029846008248221517,0.009492509167635875,1001.0
12.211,-35.363261,149.1652299,584.09,6,10,0.0,0,0,-1001,0,0,0,945.0282592773438,2746,224,80,-528,0,0.0009303130433693241,-0.003924138125597665,-0.015384082744617444,0.015903909716817072,-35.36419131304337,149.1691540381256,584.1053840827446,0.026842079566204807,0.008537475154139376,1001.0
12.312,-35.363261,149.1652299,584.09,6,10,0.0,0,0,-1001,0,0,0,945.0282592773438,2748,224,80,-528,0,0.0008366615285524404,-0.003529108213456311,-0.013835418385610865,0.014302916108281683,-35.364097661528554,149.16875900821347,584.1038354183856,0.024140376781707936,0.007678443286421729,1001.0
12.413,-35.363261,149.1652299,584.09,6,10,0.0,0,0,-1001,0,0,0,945.0282592773438,2749,224,80,-528,0,0.000752436450653704,-0.0031738397995866308,-0.012442633906402989,0.01286306954869178,-35.364013436450655,149.1684037397996,584.1024426339064,0.021710518740977437,0.006905781990416869,1001.0
12.514,-35.363261,149.1652299,584.09,6,10,0.0,0,0,-1001,0,0,0,945.0282592773438,2750,224,80,-528,0,0.0006766892717493533,-0.0028543318718163846,-0.011190043849410358,0.011568154570055418,-35.36393768927175,149.16808423187183,584.1011900438494,0.019525172511264774,0.00621082186643508,1001.0
12.616,-35.363261,149.1652299,584.09,6,10,0.0,0,0,-1001,0,0,0,945.0282592773438,2751,224,80,-528,0,0.0006085668359645524,-0.002566985747449735,-0.010063540038345309,0.01040358628189458,-35.363869566835966,149.16779688574746,584.1000635400384,0.017559748825104998,0.005585760444075352,1001.0
12.711,-35.363261,149.1652299,584.09,6,10,0.0,0,0,-1001,0,0,0,945.0282592773438,2753,224,80,-528,0,0.0005473017932899893,-0.0023085646799927417,-0.00905043322165966,0.009356246663826754,-35.36380830179329,149.16753846468,584.0990504332217,0.01579212768334547,0.005023576190709709,1001.0
12.815,-35.363261,149.1652299,584.09,6,10,0.0,0,0,-1001,0,0,0,945.0282592773438,2754,224,80,-528,0,0.0004922039813237689,-0.002076157506820664,-0.008139310557680801,0.008414337235144127,-35.363753203981325,149.16730605750683,584.0981393105577,0.014202411184231028,0.004517950906154922,1001.0
12.912,-35.363261,149.1652299,584.09,6,10,0.0,0,0,-1001,0,0,0,945.0282592773438,2755,224,80,-528,0,0.0004426526699603528,-0.0018671459365009468,-0.007319907369037537,0.007567246475813053,-35.36370365266996,149.16709704593652,584.0973199073691,0.0127727009212531,0.004063199712736264,1001.0
13.012,-35.363261,149.1652299,584.09,6,10,0.0,0,0,-1001,0,0,0,945.0282592773438,2756,224,80,-528,0,0.00039808958318587884,-0.00167917511416249,-0.006582991747904998,0.006805430532541569,-35.36365908958319,149.16690907511418,584.0965829917479,0.011486897543648858,0.0036542079203059426,1001.0
13.111,-35.363261,149.1652299,584.09,6,10,0.0,0,0,-1001,0,0,0,945.0282592773438,2758,224,80,-528,0,0.00035801262061596617,-0.0015101271384310166,-0.005920260732182214,0.006120305886780893,-35.36361901262062,149.16674002713845,584.0959202607322,0.010330520301984693,0.003286374109955951,1001.0
13.214,-35.363261,149.1652299,584.09,6,10,0.0,0,0,-1001,0,0,0,945.0282592773438,2759,224,80,-528,0,0.00032197020894386696,-0.0013580972353963716,-0.005324246898453566,0.005504152791477635,-35.363582970208945,149.1665879972354,584.0953242468985,0.00929054460945075,0.0029555588394637178,1001.0
13.315,-35.363261,149.1652299,584.09,6,10,0.0,0,0,-1001,0,0,0,945.0282592773438,2760,224,80,-528,0,0.000289556220401721,-0.001221372324209824,-0.00478823433229536,0.0049500284019479155,-35.3635505562204,149.16645127232422,584.0947882343323,0.008355255838817372,0.002658038427578487,1001.0
13.414,-35.363261,149.1652299,584.09,6,10,0.0,0,0,-1001,0,0,0,945.0282592773438,2761,224,80,-528,0,0.00026040540158334124,-0.0010984117354837508,-0.0043061830357373765,0.0044516886291714715,-35.363521405401585,149.1663283117355,584.0943061830358,0.007514117746865343,0.0023904633247392977,1001.0
13.513,-35.363261,149.1652299,584.09,6,10,0.0,0,0,-1001,0,0,0,945.0282592773438,2762,224,80,-528,0,0.00023418926146945296,-0.00098782986665924,-0.0038726609308241677,0.004003517845693151,-35.36349518926147,149.16621772986667,584.0938726609309,0.006757654074429115,0.002149820622684582,1001.0
13.614,-35.363261,149.1652299,584.09,6,10,0.0,0,0,-1001,0,0,0,945.0282592773438,2763,224,80,-528,0,0.00021061237268327204,-0.0008883805803918676,-0.003482782695300557,0.003600465654582707,-35.363471612372685,149.1661182805804,584.0934827826953,0.006077342011697928,0.0019334002981930521,1001.0
13.715,-35.363261,149.1652299,584.09,6,10,0.0,0,0,-1001,0,0,0,945.0282592773438,2765,224,80,-528,0,0.00018940904460151842,-0.0007989431714179318,-0.00313215474682238,0.003237990014711931,-35.3634504090446,149.16602884317143,584.0931321547469,0.005465516346786445,0.0017387648240462343,1001.0
13.812,-35.363261,149.1652299,584.09,6,10,0.0,0,0,-1001,0,0,0,945.0282592773438,2766,224,80,-528,0,0.00017034033091078982,-0.0007185097442174992,-0.0028168257599645585,0.0029120060856513,-35.36343134033091,149.16594840974423,584.09281682576,0.004915283231837162,0.0015637218150688743,1001.0
13.915,-35.363261,149.1652299,584.09,6,10,0.0,0,0,-1001,0,0,0,945.0282592773438,2767,224,80,-528,0,0.00015319133814983843,-0.0006461738602752121,-0.0025332421581651943,0.002618840215762038,-35.36341419133815,149.1658760738603,584.0925332421582,0.004420442605832061,0.001406299409463908,1001.0
14.012,-35.363261,149.1652299,584.09,6,10,0.0,0,0,-1001,0,0,0,945.0282592773438,2768,224,80,-528,0,0.000137768804954419,-0.0005811203270127407,-0.002278208082771016,0.002355188558584886,-35.363398768804956,149.16581102032703,584.0922782080828,0.003975418408436392,0.001264724114314951,1001.0
14.113,-35.363261,149.1652299,584.09,6,10,0.0,0,0,-1001,0,0,0,945.0282592773438,2769,224,80,-528,0,0.00012389892482644882,-0.0005226160140807679,-0.002048849389893803,0.0021180798531252377,-35.36338489892483,149.1657525160141,584.0920488493899,0.003575195805070827,0.0011374008703962748,1001.0
14.213,-35.363261,149.1652299,584.09,6,10,0.0,0,0,-1001,0,0,0,945.0282592773438,2771,224,80,-528,0,0.00011142538794217671,-0.0004700015935839019,-0.0018425812687610232,0.0019048419480467281,-35.363372425387944,149.1656999015936,584.0918425812688,0.003215264720727736,0.0010228951155804382,1001.0
14.316,-35.363261,149.1652299,584.09,6,10,0.0,0,0,-1001,0,0,0,945.0282592773438,2772,224,80,-528,0,0.00010020762000095829,-0.0004226841114132185,-0.0016570791183312394,0.0017130716942255733,-35.36336120762,149.16565258411143,584.0916570791184,0.0028915690499555025,0.0009199166474153284,1001.0
14.411,-35.363261,149.1652299,584.09,6,10,0.0,0,0,-1001,0,0,0,945.0282592773438,2773,224,80,-528,0,9.011919831181103e-05,-0.0003801303060981809,-0.0014902523549835678,0.0015406078673863542,-35.36335111919831,149.1656100303061,584.091490252355,0.0026004609737769907,0.000827305105542932,1001.0
14.512,-35.363261,149.1652299,584.09,6,10,0.0,0,0,-1001,0,0,0,945.0282592773438,2774,224,80,-528,0,8.104642725470512e-05,-0.00034186059994567586,-0.0013402208556954065,0.0013855068152870621,-35.363342046427256,149.16557176059996,584.0913402208557,0.0023386598707363813,0.0007440169117539281,1001.0
14.614,-35.363261,149.1652299,584.09,6,10,0.0,0,0,-1001,0,0,0,945.0282592773438,2775,224,80,-528,0,7.288705712227284e-05,-0.0003074436951635562,-0.0012052937726139135,0.001246020556449069,-35.363333887057124,149.16553734369518,584.0912052937726,0.0021032153609230183,0.0006691135219864969,1001.0
14.716,-35.363261,149.1652299,584.09,6,10,0.0,0,0,-1001,0,0,0,945.0282592773438,2776,224,80,-528,0,6.55491318894974e-05,-0.0002764917136062195,-0.0010839504788009435,0.001120577082077429,-35.36332654913189,149.16550639171362,584.0910839504788,0.0018914740676595678,0.0006017508590389541,1001.0
14.811,-35.363261,149.1652299,584.09,6,10,0.0,0,0,-1000,0,0,0,945.0282592773438,2777,224,80,-528,0,5.894995301503059e-05,-0.0002486558259136018,-0.0009748234333528671,0.0010077626421609016,-35.363319949953016,149.16547855582593,584.0909748234334,0.0017010497233105278,0.0005411698071758416,1000.0
14.914,-35.363261,149.1652299,584.09,6,10,0.0,0,0,-1001,0,0,0,945.0282592773438,2779,224,80,-528,0,5.301514747912961e-05,-0.0002236223204192811,-0.0008766827697854751,0.0009063058131175535,-35.36331401514748,149.16545352232043,584.0908766827698,0.0015297962830460793,0.0004866876626198891,1001.0
15.012,-35.363261,149.1652299,584.09,6,10,0.0,0,0,-1001,0,0,0,945.0282592773438,2780,224,80,-528,0,4.76778296416569e-05,-0.00020110906797299322,-0.0007884224365852788,0.0008150631700496428,-35.36330867782964,149.165431009068,584.0907884224366,0.001375783744192555,0.00043769044382860236,1001.0
15.116,-35.363261,149.1652299,584.09,6,10,0.0,0,0,-1001,0,0,0,945.0282592773438,2781,224,80,-528,0,4.287784750545143e-05,-0.00018086234234715448,-0.0007090477326983091,0.0007330064010161254,-35.36330387784751,149.16541076234236,584.0907090477327,0.001237276398981644,0.00039362597508569485,1001.0
15.216,-35.363261,149.1652299,584.09,6,10,0.0,0,0,-1001,0,0,0,945.0282592773438,2782,224,80,-528,0,3.856110481592623e-05,-0.0001626539610981581,-0.0006376640976668568,0.0006592107184495962,-35.36329956110482,149.1653925539611,584.0906376640977,0.0011127132760219306,0.00035399766588279296,1001.0
15.313,-35.363261,149.1652299,584.09,6,10,0.0,0,0,-1001,0,0,0,945.0282592773438,2783,224,80,-528,0,3.467895142961197e-05,-0.0001462787138279964,-0.0005734670304491374,0.0005928444372713487,-35.36329567895143,149.16537617871384,584.0905734670305,0.0010006905503265081,0.00031835891616694567,1001.0
15.411,-35.363261,149.1652299,584.09,6,10,0.0,0,0,-1001,0,0,0,945.0282592773438,2784,224,80,-528,0,3.118763501674948e-05,-0.00013155204956660782,-0.0005157330225529222,0.0005331596016904189,-35.36329218763502,149.16536145204958,584.0905157330226,0.0008999457237569147,0.00028630808452750125,1001.0
15.514,-35.363261,149.1652299,584.09,6,10,0.0,0,0,-1001,0,0,0,945.0282592773438,2785,224,80,-528,0,2.8047808008579977e-05,-0.00011830799698486771,-0.0004638114045292241,0.0004794835561893955,-35.36328904780801,149.165348207997,584.0904638114046,0.0008093433978471479,0.00025748396272316445,1001.0
15.615,-35.363261,149.1652299,584.09,6,10,0.0,0,0,-1001,0,0,0,945.0282592773438,2786,224,80,-528,0,2.522408414762367e-05,-0.00010639729387662555,-0.00041711701283020375,0.00043121136459716336,-35.36328622408415,149.1653362972939,584.0904171170129,0.0007278624786619575,0.00023156170556282746,1001.0
15.711,-35.363261,149.1652299,584.09,6,10,0.0,0,0,-1001,0,0,0,945.0282592773438,2788,224,80,-528,0,2.268463966714762e-05,-9.568570493456718e-05,-0.0003751235952904608,0.0003877989927130998,-35.36328368463967,149.16532558570495,584.0903751235953,0.0006545846697255245,0.00020824917053659432,1001.0
15.814,-35.363261,149.1652299,584.09,6,10,0.0,0,0,-1001,0,0,0,945.0282592773438,2789,224,80,-528,0,2.040085466603614e-05,-8.605250908999551e-05,-0.00033735788019839674,0.00034875717702112497,-35.36328140085467,149.1653159525091,584.0903373578802,0.0005886841232115469,0.0001872836256810061,1001.0
15.912,-35.363261,149.1652299,584.09,6,10,0.0,0,0,-1001,0,0,0,945.0282592773438,2790,224,80,-528,0,1.8346990565021315e-05,-7.738913873822639e-05,-0.0003033942423371627,0.00031364591044803764,-35.363279346990566,149.16530728913875,584.0903033942424,0.0005294181329445954,0.00016842878897218758,1001.0
16.016,-35.363261,149.1652299,584.09,6,10,0.0,0,0,-1001,0,0,0,945.0282592773438,2791,224,80,-528,0,1.6499899999189438e-05,-6.959795643979305e-05,-0.00027284990653697605,0.0002820694838826333,-35.3632774999,149.16529949795645,584.0902728499066,0.0004761187643278944,0.000151472165617605,1001.0
16.114,-35.363261,149.1652299,584.09,6,10,0.0,0,0,-1001,0,0,0,945.0282592773438,2792,224,80,-528,0,1.4838765984848123e-05,-6.25911543750135e-05,-0.0002453806333733155,0.0002536720260821822,-35.363275838765986,149.1652924911544,584.0902453806334,0.00042818532683450004,0.00013622265343717657,1001.0
16.215,-35.363261,149.1652299,584.09,6,10,0.0,0,0,-1001,0,0,0,945.0282592773438,2793,224,80,-528,0,1.3344867276998684e-05,-5.628976481375503e-05,-0.00022067683971727092,0.00022813349314169246,-35.36327434486728,149.16528618976483,584.0902206768397,0.00038507760430370967,0.00012250838926370784,1001.0
16.315,-35.363261,149.1652299,584.09,6,10,0.0,0,0,-1001,0,0,0,945.0282592773438,2794,224,80,-528,0,1.2001367394987028e-05,-5.062277011802507e-05,-0.00019846011014124088,0.0002051660619864926,-35.363273001367396,149.16528052277013,584.0901984601102,0.0003463097667752241,0.00011017481203917595,1001.0
16.412,-35.363261,149.1652299,584.09,6,10,0.0,0,0,-1001,0,0,0,945.0282592773438,2795,224,80,-528,0,1.0793124893382355e-05,-4.552630232979027e-05,-0.00017848005848009052,0.0001845108859223329,-35.363271793124895,149.16527542630234,584.0901784800585,0.0003114448951984154,9.908292105733557e-05,1001.0
16.516,-35.363261,149.1652299,584.09,6,10,0.0,0,0,-1001,0,0,0,945.0282592773438,2796,224,80,-528,0,9.706522682506602e-06,-4.094292344802852e-05,-0.00016051150646489987,0.00016593517791803138,-35.363270706522684,149.16527084292346,584.0901605115065,0.00028009005737127904,8.910770941255344e-05,1001.0
16.616,-35.363261,149.1652299,584.09,6,10,0.0,0,0,-1001,0,0,0,945.0282592773438,2797,224,80,-528,0,8.729314579625225e-06,-3.6820978067453325e-05,-0.0001443519455506248,0.00014922958668817817,-35.36326972931458,149.16526672097808,584.0901443519456,0.00025189187958038055,8.013675524656371e-05,1001.0
16.711,-35.363261,149.1652299,584.09,6,10,0.0,0,0,-1001,0,0,0,945.0282592773438,2798,224,80,-528,0,7.850487300231634e-06,-3.3114011188217773e-05,-0.00012981925488020352,0.00013420583752384155,-35.3632688504873,149.1652630140112,584.0901298192549,0.0002265325640614547,7.20689547368957e-05,1001.0
16.813,-35.363261,149.1652299,584.09,6,10,0.0,0,0,-1001,0,0,0,945.0282592773438,2800,224,80,-528,0,7.060136304914977e-06,-2.978024465960516e-05,-0.00011674964866870141,0.00012069461032247933,-35.363268060136306,149.16525968024467,584.0901167496487,0.00020372630739159012,6.481338265207842e-05,1001.0
16.913,-35.363261,149.1652299,584.09,6,10,0.0,0,0,-1001,0,0,0,945.0282592773438,2801,224,80,-528,0,6.349354208623481e-06,-2.678210643125567e-05,-0.00010499583038381388,0.00010854363141957378,-35.36326734935421,149.16525668210645,584.0901049958304,0.00018321607948874376,5.828826765875601e-05,1001.0
17.015,-35.363261,149.1652299,584.09,6,10,0.0,0,0,-1001,0,0,0,945.0282592773438,2802,224,80,-528,0,5.710130388081325e-06,-2.4085806984430747e-05,-9.442533246328821e-05,9.761595718909206e-05,-35.36326671013039,149.165253985807,584.0900944253325,0.00016477072681938962,5.2420070738724506e-05,1001.0
17.116,-35.363261,149.1652299,584.09,6,10,0.0,0,0,-1001,0,0,0,945.0282592773438,2803,224,80,-528,0,5.135260686017773e-06,-2.1660958537950137e-05,-8.49190236067443e-05,8.778843088595985e-05,-35.36326613526069,149.16525156095855,584.0900849190236,0.00014818236729976744,4.714265644143777e-05,1001.0
17.216,-35.363261,149.1652299,584.09,6,10,0.0,0,0,-1001,0,0,0,945.0282592773438,2804,224,80,-528,0,4.6182662245541906e-06,-1.9480232708701806e-05,-7.6369766247808e-05,7.895029478127912e-05,-35.363265618266226,149.16524938023272,584.0900763697663,0.00013326404746372605,4.239654752924645e-05,1001.0
17.312,-35.363261,149.1652299,584.09,6,10,0.0,0,0,-1001,0,0,0,945.0282592773438,2805,224,80,-528,0,4.1533203898325155e-06,-1.751905233504658e-05,-6.868120897252084e-05,7.100194174039028e-05,-35.36326515332039,149.16524741905235,584.090068681209,0.00011984763543911583,3.812825458899229e-05,1001.0
17.414,-35.363261,149.1652299,584.09,6,10,0.0,0,0,-1001,0,0,0,945.0282592773438,2806,224,80,-528,0,3.73518316365562e-06,-1.5755314592524883e-05,-6.176670024160558e-05,6.385379229076251e-05,-35.363264735183165,149.1652456553146,584.0900617667003,0.0001077819260759588,3.428967331596781e-05,1001.0
17.516,-35.363261,149.1652299,584.09,6,10,0.0,0,0,-1001,0,0,0,945.0282592773438,2807,224,80,-528,0,3.359142077385968e-06,-1.4169141849151856e-05,-5.554831250265124e-05,5.742528570350915e-05,-35.36326435914208,149.16524406914186,584.0900555483125,9.693093685450659e-05,3.0837542278335046e-05,1001.0
17.616,-35.363261,149.1652299,584.09,6,10,0.0,0,0,-1001,0,0,0,945.0282592773438,2808,224,80,-528,0,3.020959077559837e-06,-1.274265770234706e-05,-4.995596350454434e-05,5.1643971659186345e-05,-35.36326402095908,149.16524264265772,584.0900499559635,8.71723753516074e-05,2.773295540599537e-05,1001.0
17.713,-35.363261,149.1652299,584.09,6,10,0.0,0,0,-1001,0,0,0,945.0282592773438,2809,224,80,-528,0,2.7168227916263277e-06,-1.1459785440592896e-05,-4.492662651500723e-05,4.6444693759830906e-05,-35.36326371682279,149.16524135978545,584.0900449266265,7.839626097520633e-05,2.4940923506803634e-05,1001.0
17.813,-35.363261,149.1652299,584.09,6,10,0.0,0,0,-1001,0,0,0,945.0282592773438,2810,224,80,-528,0,2.4433055472172782e-06,-1.0306066883458698e-05,-4.040362000523601e-05,4.176885521690646e-05,-35.36326344330555,149.1652402060669,584.09004040362,7.050368546464904e-05,2.242997994121977e-05,1001.0
17.915,-35.363261,149.1652299,584.09,6,10,0.0,0,0,-1001,0,0,0,945.0282592773438,2811,224,80,-528,0,2.197324761255004e-06,-9.26849938309715e-06,-3.633596907093306e-05,3.756375866769326e-05,-35.36326319732476,149.1652391684994,584.0900363359691,6.340569818946099e-05,2.017182594325961e-05,1001.0
18.013,-35.363261,149.1652299,584.09,6,10,0.0,0,0,-1001,0,0,0,945.0282592773438,2812,224,80,-528,0,1.9761081873070907e-06,-8.335389424019013e-06,-3.267783051796869e-05,3.378201189655637e-05,-35.36326297610819,149.16523823538944,584.0900326778305,5.702230366020742e-05,1.8141011758248554e-05,1001.0
18.113,-35.363261,149.1652299,584.09,6,10,0.0,0,0,-1001,0,0,0,945.0282592773438,2813,224,80,-528,0,1.7771626943385854e-06,-7.496220689517941e-06,-2.9387976610451005e-05,3.0380994077293142e-05,-35.363262777162696,149.1652373962207,584.0900293879766,5.1281559979340756e-05,1.631464979091091e-05,1001.0
18.213,-35.363261,149.1652299,584.09,6,10,0.0,0,0,-1001,0,0,0,945.0282592773438,2814,224,80,-528,0,1.5982461079033783e-06,-6.741535599985582e-06,-2.642932997787284e-05,2.732237500559915e-05,-35.36326259824611,149.1652366415356,584.09002642933,4.6118768001772754e-05,1.4672156658831127e-05,1001.0
18.314,-35.363261,149.1652299,584.09,6,10,0.0,0,0,-1001,0,0,0,945.0282592773438,2815,224,80,-528,0,1.4373420285096472e-06,-6.0628287599229225e-06,-2.3768546384417277e-05,2.4571683741804598e-05,-35.36326243734203,149.16523596282877,584.0900237685464,4.147574220191419e-05,1.3195021149303947e-05,1001.0
18.415,-35.363261,149.1652299,584.09,6,10,0.0,0,0,-1001,0,0,0,945.0282592773438,2816,224,80,-528,0,1.2926370374088947e-06,-5.452451006249248e-06,-2.1375638311837974e-05,2.2097919488597677e-05,-35.36326229263704,149.16523535245102,584.0900213756383,3.73001549216977e-05,1.1866595711991108e-05,1001.0
18.516,-35.363261,149.1652299,584.09,6,10,0.0,0,0,-1000,0,0,0,945.0282592773438,2817,224,80,-528,0,1.162500275597722e-06,-4.903523262100862e-06,-1.9223637195864285e-05,1.9873202417097902e-05,-35.36326216250028,149.16523480352328,584.0900192236372,3.354494659305658e-05,1.0671908778533725e-05,1000.0
18.617,-35.363261,149.1652299,584.09,6,10,0.0,0,0,-1001,0,0,0,945.0282592773438,2818,224,80,-528,0,1.0454650833935375e-06,-4.4098590592511755e-06,-1.7288289654970868e-05,1.7872459633671785e-05,-35.363262045465085,149.16523430985907,584.0900172882897,3.0167795390505122e-05,9.59749602454012e-06,1001.0
18.714,-35.363261,149.1652299,584.09,6,10,0.0,0,0,-1000,0,0,0,945.0282592773438,2819,224,80,-528,0,9.402124589996674e-07,-3.965894705970641e-06,-1.554778395984613e-05,1.607314239185831e-05,-35.36326194021246,149.16523386589472,584.090015547784,2.7130640253707866e-05,8.63124864678723e-06,1000.0
18.815,-35.363261,149.1652299,584.09,6,10,0.0,0,0,-1001,0,0,0,945.0282592773438,2820,224,80,-528,0,8.455561868458972e-07,-3.5666266171574534e-06,-1.3982504469822743e-05,1.4454972222039805e-05,-35.36326184555619,149.16523346662663,584.0900139825045,2.43992519542212e-05,7.762276879012469e-06,1001.0
18.914,-35.363261,149.1652299,584.09,6,10,0.0,0,0,-1001,0,0,0,945.0282592773438,2821,224,80,-528,0,7.604294722796112e-07,-3.2075550109311735e-06,-1.2574810057230934e-05,1.299971192395806e-05,-35.363261760429474,149.16523310755503,584.0900125748101,2.194284727984768e-05,6.980787266565245e-06,1001.0
19.051,-35.363261,149.1652299,584.09,6,10,0.0,0,0,-1001,0,0,0,945.0282592773438,2822,224,80,-528,0,6.838729262881316e-07,-2.884633090616262e-06,-1.1308835951240326e-05,1.1690960645680657e-05,-35.36326168387293,149.1652327846331,584.090011308836,1.9733742154760108e-05,6.27797228352366e-06,1001.0
19.111,-35.363261,149.1652299,584.09,6,10,0.0,0,0,-1001,0,0,0,945.0282592773438,2823,224,80,-528,0,6.150237439328521e-07,-2.5942214847418654e-06,-1.017031422634318e-05,1.0513968364992162e-05,-35.363261615023745,149.1652324942215,584.0900101703143,1.7747039583530015e-05,5.645911087647951e-06,1001.0
19.216,-35.363261,149.1652299,584.09,6,10,0.0,0,0,-1001,0,0,0,945.0282592773438,2824,224,80,-528,0,5.53105977019186e-07,-2.3330471776716877e-06,-9.146413617600047e-06,9.455470237871608e-06,-35.36326155310598,149.1652322330472,584.0900091464136,1.5960349106757255e-05,5.077480272340743e-06,1001.0
19.316,-35.363261,149.1652299,584.09,6,10,0.0,0,0,-1000,0,0,0,945.0282592773438,2825,224,80,-528,0,4.974218086317705e-07,-2.0981667034902785e-06,-8.225594797295344e-06,8.503537013539131e-06,-35.36326149742181,149.16523199816672,584.0900082255948,1.435353443393071e-05,4.5662734830828155e-06,1000.0
19.415,-35.363261,149.1652299,584.09,6,10,0.0,0,0,-1001,0,0,0,945.0282592773438,2826,224,80,-528,0,4.473436590046731e-07,-1.8869329210247088e-06,-7.397479748760816e-06,7.647440018138416e-06,-35.36326144734366,149.16523178693294,584.0900073974798,1.2908486486884782e-05,4.106529332604693e-06,1001.0
19.514,-35.363261,149.1652299,584.09,6,10,0.0,0,0,-1001,0,0,0,945.0282592773438,2827,224,80,-528,0,4.0230715114830673e-07,-1.6969651710496692e-06,-6.652735351053707e-06,6.877530769598955e-06,-35.36326140230715,149.16523159696519,584.0900066527354,1.1608919322134889e-05,3.693066463651001e-06,1001.0
19.614,-35.363261,149.1652299,584.09,6,10,0.0,0,0,-1001,0,0,0,945.0282592773438,2828,224,80,-528,0,3.6180471596480857e-07,-1.5261225030371861e-06,-5.982968446005543e-06,6.185132494350372e-06,-35.36326136180472,149.16523142612252,584.0900059829685,1.0440186608202747e-05,3.321225073315792e-06,1001.0
19.713,-35.363261,149.1652299,584.09,6,10,0.0,0,0,-1001,0,0,0,945.0282592773438,2829,224,80,-528,0,3.2537987948444425e-07,-1.3724795167036064e-06,-5.3806306823389605e-06,5.562441786614194e-06,-35.36326132537988,149.16523127247953,584.0900053806307,9.389116547678336e-06,2.9868144465547304e-06,1001.0
19.812,-35.363261,149.1652299,584.09,6,10,0.0,0,0,-1001,0,0,0,945.0282592773438,2830,224,80,-528,0,2.9262212564162837e-07,-1.2343045625584637e-06,-4.838933477913088e-06,5.002440670836159e-06,-35.36326129262213,149.16523113430458,584.0900048389335,8.443863392557971e-06,2.686065712330434e-06,1001.0
19.911,-35.363261,149.1652299,584.09,6,10,0.0,0,0,-1001,0,0,0,945.0282592773438,2831,224,80,-528,0,2.6316227774714207e-07,-1.1100404435637756e-06,-4.351771963229112e-06,4.498817999288623e-06,-35.36326126316228,149.16523101004046,584.090004351772,7.593774000091027e-06,2.415589384125496e-06,1001.0
20.016,-35.363261,149.1652299,584.09,6,10,0.0,0,0,-1001,0,0,0,945.0282592773438,2832,224,80,-528,0,2.36668306285992e-07,-9.982866515656497e-07,-3.9136556324592675e-06,4.045897741586481e-06,-35.36326123666831,149.16523089828667,584.0900039136557,6.8292677096816104e-06,2.1723371312094434e-06,1001.0
20.115,-35.363261,149.1652299,584.09,6,10,0.0,0,0,-1001,0,0,0,945.0282592773438,2833,224,80,-528,0,2.1284162698975706e-07,-8.977837353540963e-07,-3.5196468388676294e-06,3.638575416835124e-06,-35.36326121284163,149.16523079778375,584.0900035196469,6.141728414865906e-06,1.9535674793897128e-06,1001.0
20.214,-35.363261,149.1652299,584.09,6,10,0.0,0,0,-1001,0,0,0,945.0282592773438,2834,224,80,-528,0,1.9141370444231143e-07,-8.073990045431856e-07,-3.1653049745727913e-06,3.272260371798203e-06,-35.363261191413706,149.16523070739902,584.090003165305,5.523407428258566e-06,1.756814877365403e-06,1001.0
20.313,-35.363261,149.1652299,584.09,6,10,0.0,0,0,-1001,0,0,0,945.0282592773438,2835,224,80,-528,0,1.7214305358947968e-07,-7.26113768223513e-07,-2.846636562026106e-06,2.942824179519848e-06,-35.363261172143055,149.16523062611378,584.0900028466366,4.967336144856637e-06,1.579861859368745e-06,1001.0
20.412,-35.363261,149.1652299,584.09,6,10,0.0,0,0,-1001,0,0,0,945.0282592773438,2836,224,80,-528,0,1.5481248283322202e-07,-6.530119662784273e-07,-2.5600502340239473e-06,2.6465541244550187e-06,-35.363261154812484,149.16523055301198,584.0900025600503,4.4672475554882976e-06,1.4207141354076578e-06,1001.0
20.513,-35.363261,149.1652299,584.09,6,10,0.0,0,0,-1001,0,0,0,945.0282592773438,2837,224,80,-528,0,1.3922667818633272e-07,-5.872697101949598e-07,-2.3023161475066445e-06,2.380111220825848e-06,-35.36326113922668,149.16523048726972,584.0900023023162,4.017505600610987e-06,1.2775781139429092e-06,1001.0
20.614,-35.363261,149.1652299,584.09,6,10,0.0,0,0,-1001,0,0,0,945.0282592773438,2838,224,80,-528,0,1.252099721682498e-07,-5.281461028516787e-07,-2.0705294900835725e-06,2.1404925163133667e-06,-35.363261125209974,149.16523042814612,584.0900020705295,3.6130416028072867e-06,1.1488406254894114e-06,1001.0
20.712,-35.363261,149.1652299,584.09,6,10,0.0,0,0,-1001,0,0,0,945.0282592773438,2839,224,80,-528,0,1.1260441112881381e-07,-4.749747688492789e-07,-1.8620780792844016e-06,1.9249975474791076e-06,-35.36326111260441,149.16523037497478,584.0900018620781,3.249297178893778e-06,1.0330507484077218e-06,1001.0
20.812,-35.363261,149.1652299,584.09,6,10,0.0,0,0,-1001,0,0,0,945.0282592773438,2840,224,80,-528,0,1.0126791494258214e-07,-4.271564932878391e-07,-1.6746125766076148e-06,1.7311976034200071e-06,-35.363261101267916,149.1652303271565,584.0900016746126,2.9221728721521627e-06,9.289035193127669e-07,1001.0
20.916,-35.363261,149.1652299,584.09,6,10,0.0,0,0,-1001,0,0,0,945.0282592773438,2840,224,80,-528,0,9.107272802566513e-08,-3.8415234371314e-07,-1.506020339547831e-06,1.5569086447515472e-06,-35.36326109107273,149.16523028415236,584.0900015060204,2.627981936698455e-06,8.35225133999998e-07,1001.0
21.015,-35.363261,149.1652299,584.09,6,10,0.0,0,0,-1001,0,0,0,945.0282592773438,2841,224,80,-528,0,8.190394140683566e-08,-3.4547767313597433e-07,-1.3544010926125338e-06,1.4001662036784944e-06,-35.36326108190394,149.1652302454777,584.0900013544011,2.3634087829076568e-06,7.50959824760523e-07,1001.0
21.116,-35.363261,149.1652299,584.09,6,10,0.0,0,0,-1001,0,0,0,945.0282592773438,2842,224,80,-528,0,7.365822796145949e-08,-3.10696577798808e-07,-1.2180462363176048e-06,1.2592039278090722e-06,-35.36326107365823,149.1652302106966,584.0900012180463,2.1254716340050513e-06,6.751578805748038e-07,1001.0
21.216,-35.363261,149.1652299,584.09,6,10,0.0,0,0,-1001,0,0,0,945.0282592773438,2843,224,80,-528,0,6.624265580512656e-08,-2.7941706548517686e-07,-1.0954189519907231e-06,1.1324330736572992e-06,-35.36326106624266,149.16523017941708,584.090001095419,1.911488904190961e-06,6.069649960930272e-07,1001.0
21.315,-35.363261,149.1652299,584.09,6,10,0.0,0,0,-1001,0,0,0,945.0282592773438,2844,224,80,-528,0,5.957364379582941e-08,-2.5128662173301564e-07,-9.851371487457072e-07,1.0184248559103052e-06,-35.363261059573645,149.16523015128664,584.0900009851372,1.7190489718300068e-06,5.45612624632174e-07,1001.0
21.414,-35.363261,149.1652299,584.09,6,10,0.0,0,0,-1001,0,0,0,945.0282592773438,2845,224,80,-528,0,5.3576044933834055e-08,-2.2598825921704702e-07,-8.859581157594221e-07,9.158945729584214e-07,-35.363261053576046,149.16523012598827,584.0900008859581,1.545983016680347e-06,4.904092572183051e-07,1001.0
21.513,-35.363261,149.1652299,584.09,6,10,0.0,0,0,-1001,0,0,0,945.0282592773438,2846,224,80,-528,0,4.8182251077832916e-08,-2.0323679450484633e-07,-7.967638566697133e-07,8.236864496000453e-07,-35.36326104818225,149.1652301032368,584.0900007967639,1.3903405395577666e-06,4.407327002894652e-07,1001.0
21.612,-35.363261,149.1652299,584.09,6,10,0.0,0,0,-1001,0,0,0,945.0282592773438,2847,224,80,-528,0,4.3331482402209076e-08,-1.827758353556419e-07,-7.165493798311218e-07,7.407615251168833e-07,-35.363261043331484,149.16523008277585,584.0900007165494,1.2503674404381182e-06,3.9602301278421867e-07,1001.0
21.711,-35.363261,149.1652299,584.09,6,10,0.0,0,0,-1001,0,0,0,945.0282592773438,2848,224,80,-528,0,3.896906974887315e-08,-1.6437479644082487e-07,-6.444104201364098e-07,6.661849980917008e-07,-35.36326103896907,149.1652300643748,584.0900006444105,1.1244861854993778e-06,3.5577622182115347e-07,1001.0
21.816,-35.363261,149.1652299,584.09,6,10,0.0,0,0,-1001,0,0,0,945.0282592773438,2849,224,80,-528,0,3.504584356051055e-08,-1.47826312968391e-07,-5.795341166958679e-07,5.991165348837872e-07,-35.363261035045845,149.16523004782633,584.0900005795341,1.0112780786457557e-06,3.1953859962476437e-07,1001.0
21.916,-35.363261,149.1652299,584.09,6,10,0.0,0,0,-1001,0,0,0,945.0282592773438,2850,224,80,-528,0,3.151758676267491e-08,-1.329438248376391e-07,-5.211893494561082e-07,5.388002940090928e-07,-35.36326103151759,149.16523003294384,584.0900005211894,9.094672435715103e-07,2.869015181421285e-07,1001.0
22.015,-35.363261,149.1652299,584.09,6,10,0.0,0,0,-1001,0,0,0,945.0282592773438,2851,224,80,-528,0,2.8344537383873103e-08,-1.1955964396292984e-07,-4.6871844006091123e-07,4.845563922983396e-07,-35.36326102834454,149.16523001955966,584.0900004687185,8.179062624334946e-07,2.5749691664495757e-07,1001.0
22.114,-35.363261,149.1652299,584.09,6,10,0.0,0,0,-1001,0,0,0,945.0282592773438,2851,224,80,-528,0,2.549094091364168e-08,-1.0752293633231602e-07,-4.215301032672869e-07,4.3577356260644774e-07,-35.36326102549094,149.16523000752295,584.0900004215301,7.355632259132323e-07,2.309930187246921e-07,1001.0
22.213,-35.363261,149.1652299,584.09,6,10,0.0,0,0,-1000,0,0,0,945.0282592773438,2852,224,80,-528,0,2.292463108233278e-08,-9.669804512668634e-08,-3.79092284674698e-07,3.9190178736702137e-07,-35.36326102292463,149.16522999669806,584.0900003790923,6.615100972842045e-07,2.0709064613226822e-07,1000.0
22.313,-35.363261,149.1652299,584.09,6,10,0.0,0,0,-1001,0,0,0,945.0282592773438,2853,224,80,-528,0,2.061668880060097e-08,-8.696292752574664e-08,-3.409269311305252e-07,3.524468342757911e-07,-35.36326102061669,149.16522998696294,584.090000340927,5.949122951207531e-07,1.8551972163118847e-07,1001.0
22.412,-35.363261,149.1652299,584.09,6,10,0.0,0,0,-1001,0,0,0,945.0282592773438,2854,224,80,-528,0,1.854109399346271e-08,-7.820790415280499e-08,-3.0660396532766754e-07,3.1696409890253864e-07,-35.363261018541095,149.16522997820792,584.090000306604,5.350192477151649e-07,1.6603611032894085e-07,1001.0
22.516,-35.363261,149.1652299,584.09,6,10,0.0,0,0,-1001,0,0,0,945.0282592773438,2855,224,80,-528,0,1.667445559405678e-08,-7.03342664110096e-08,-2.757365109573584e-07,2.850536264913507e-07,-35.36326101667446,149.16522997033428,584.0900002757365,4.811559654042954e-07,1.4841886505278398e-07,1001.0
22.617,-35.363261,149.1652299,584.09,6,10,0.0,0,0,-1001,0,0,0,945.0282592773438,2856,224,80,-528,0,1.49957557482594e-08,-6.32533385669376e-08,-2.4797668629616965e-07,2.5635579665136113e-07,-35.36326101499576,149.16522996325335,584.0900002479767,4.327153925577431e-07,1.3246744397944125e-07,1001.0
22.715,-35.363261,149.1652299,584.09,6,10,0.0,0,0,-1001,0,0,0,945.0282592773438,2857,224,80,-528,0,1.3486051386735198e-08,-5.6885284038799e-08,-2.2301151147985365e-07,2.3054705240950142e-07,-35.36326101348605,149.1652299568853,584.0900002230115,3.891515979895232e-07,1.1799931835122668e-07,1001.0
22.814,-35.363261,149.1652299,584.09,6,10,0.0,0,0,-1001,0,0,0,945.0282592773438,2858,224,80,-528,0,1.2128339221817441e-08,-5.115833801028202e-08,-2.0055972527188715e-07,2.0733662378216876e-07,-35.36326101212834,149.16522995115835,584.0900002005598,3.4997360687936134e-07,1.0484740877189428e-07,1001.0
22.914,-35.363261,149.1652299,584.09,6,10,0.0,0,0,-1001,0,0,0,945.0282592773438,2858,224,80,-528,0,1.0907314162977855e-08,-4.600795477927022e-08,-1.8036837445833953e-07,1.8646300413209334e-07,-35.363261010907316,149.16522994600797,584.0900001803684,3.1473987789166137e-07,9.285762981064759e-08,1001.0
23.013,-35.363261,149.1652299,584.09,6,10,0.0,0,0,-1001,0,0,0,945.0282592773438,2859,224,80,-528,0,9.809212997424765e-09,-4.137609721510671e-08,-1.622097443032544e-07,1.6769079648958075e-07,-35.363261009809214,149.1652299413761,584.0900001622098,2.8305331831078555e-07,8.188627458215092e-08,1001.0
23.111,-35.363261,149.1652299,584.09,6,10,0.0,0,0,-1001,0,0,0,945.0282592773438,2860,224,80,-528,0,8.821672281555948e-09,-3.721052621585841e-08,-1.4587919849873288e-07,1.5080844047246483e-07,-35.363261008821674,149.16522993721054,584.0900001458792,2.545568060973872e-07,7.17967656998442e-08,1001.0
23.216,-35.363261,149.1652299,584.09,6,10,0.0,0,0,-1001,0,0,0,945.0282592773438,2861,224,80,-528,0,7.933543599847326e-09,-3.346434596096515e-08,-1.3119267805450363e-07,1.3562566991450578e-07,-35.363261007933545,149.16522993346436,584.0900001311927,2.2892919435213567e-07,6.24555008954512e-08,1001.0
23.316,-35.363261,149.1652299,584.09,6,10,0.0,0,0,-1001,0,0,0,945.0282592773438,2862,224,80,-528,0,7.134829616006755e-09,-3.009532179021335e-08,-1.1798476862168172e-07,1.2197147131201506e-07,-35.36326100713483,149.16522993009534,584.0900001179848,2.0588165805575803e-07,5.372529303851423e-08,1001.0
23.416,-35.363261,149.1652299,584.09,6,10,0.0,0,0,-1001,0,0,0,945.0282592773438,2863,224,80,-528,0,6.416527753572154e-09,-2.706545387809456e-08,-1.0610665412968956e-07,1.0969199001129113e-07,-35.36326100641653,149.16522992706547,584.0900001061067,1.851544471666333e-07,4.545404848746297e-08,1001.0
23.516,-35.363261,149.1652299,584.09,6,10,0.0,0,0,-1000,0,0,0,945.0282592773438,2864,224,80,-528,0,5.770537825355859e-09,-2.4340636173292296e-08,-9.542429779685335e-08,9.864868111706815e-08,-35.36326100577054,149.16522992434065,584.0900000954243,1.6651395262920505e-07,3.7451236056789276e-08,1000.0
23.615,-35.363261,149.1652299,584.09,6,10,0.0,0,0,-1001,0,0,0,945.0282592773438,2865,224,80,-528,0,5.189583873743686e-09,-2.1890116386202862e-08,-8.581741894886363e-08,8.871718193917628e-08,-35.363261005189585,149.16522992189013,584.0900000858175,1.4975009115798653e-07,2.942762438475046e-08,1001.0
23.714,-35.363261,149.1652299,584.09,6,10,0.0,0,0,-1001,0,0,0,945.0282592773438,2865,224,80,-528,0,4.6671218001392845e-09,-1.9686325458678766e-08,-7.71776740293717e-08,7.978550497769826e-08,-35.36326100466712,149.16522991968634,584.0900000771777,1.3467393641480623e-07,2.078422353882066e-08,1001.0
23.813,-35.363261,149.1652299,584.09,6,10,0.0,0,0,-1001,0,0,0,945.0282592773438,2866,224,80,-528,0,4.197261205263203e-09,-1.7704394394968404e-08,-6.940786079212558e-08,7.175314433707333e-08,-35.36326100419726,149.1652299177044,584.0900000694079,1.2111558847029667e-07,3.853168848930542e-08,1001.0
23.912,-35.363261,149.1652299,584.09,6,10,0.0,0,0,-1001,0,0,0,945.0282592773438,2867,224,80,-528,0,3.7747014403066714e-09,-1.5922012153168907e-08,-6.242021299840417e-08,6.452938735750756e-08,-35.3632610037747,149.16522991592203,584.0900000624202,1.0892222679283813e-07,3.465248410729996e-08,1001.0
24.011,-35.363261,149.1652299,584.09,6,10,0.0,0,0,-1001,0,0,0,945.0282592773438,2868,224,80,-528,0,3.394681868940097e-09,-1.4319056163003552e-08,-5.61359456696664e-08,5.803278065557688e-08,-35.36326100339468,149.16522991431907,584.090000056136,9.795642520943772e-08,3.11638230316845e-08,1001.0
24.111,-35.363261,149.1652299,584.09,6,10,0.0,0,0,-1001,0,0,0,945.0282592773438,2869,224,80,-528,0,3.0529179184668465e-09,-1.287747863898403e-08,-5.048434559284942e-08,5.219021856490583e-08,-35.36326100305292,149.1652299128775,584.0900000504844,8.809460301868183e-08,2.802639545063275e-08,1001.0
24.216,-35.363261,149.1652299,584.09,6,10,0.0,0,0,-1001,0,0,0,945.0282592773438,2870,224,80,-528,0,2.7455655526864575e-09,-1.1581022363316151e-08,-4.5401861825666856e-08,4.693599116265334e-08,-35.36326100274557,149.16522991158104,584.0900000454019,7.922563514349658e-08,2.5204833477257388e-08,1001.0
24.315,-35.363261,149.1652299,584.09,6,10,0.0,0,0,-1001,0,0,0,945.0282592773438,2870,224,80,-528,0,2.4691502176210633e-09,-1.0415106999062118e-08,-4.083096882823156e-08,4.221065235282568e-08,-35.36326100246915,149.16522991041512,584.090000040831,7.124955324757766e-08,2.2667343844517472e-08,1001.0
24.414,-35.363261,149.1652299,584.09,6,10,0.0,0,0,-1001,0,0,0,945.0282592773438,2871,224,80,-528,0,2.2205668415153923e-09,-9.366573294755653e-09,-3.672028014989337e-08,3.796106672197609e-08,-35.36326100222057,149.1652299093666,584.0900000367203,6.407646091864614e-08,2.038530556806256e-08,1001.0
24.514,-35.363261,149.1652299,584.09,6,10,0.0,0,0,-1001,0,0,0,945.0282592773438,2872,224,80,-528,0,1.9970158859905496e-09,-8.42359781927371e-09,-3.302352524769958e-08,3.413939502181055e-08,-35.36326100199702,149.1652299084236,584.0900000330236,5.7625532309120385e-08,1.833300258411002e-08,1001.0
24.613,-35.363261,149.1652299,584.09,6,10,0.0,0,0,-1001,0,0,0,945.0282592773438,2873,224,80,-528,0,1.7959678189072292e-09,-7.575522431579884e-09,-2.9698867365368642e-08,3.0702390188773235e-08,-35.36326100179597,149.16522990757554,584.0900000296989,5.1824053134080076e-08,1.6487315503039346e-08,1001.0
24.713,-35.363261,149.1652299,584.09,6,10,0.0,0,0,-1001,0,0,0,945.0282592773438,2874,224,80,-528,0,1.6151560089383565e-09,-6.812854280724423e-09,-2.670890353329014e-08,2.761139692833728e-08,-35.36326100161516,149.16522990681287,584.0900000267089,4.660664232914398e-08,1.48274532492593e-08,1001.0
24.812,-35.363261,149.1652299,584.09,6,10,0.0,0,0,-1001,0,0,0,945.0282592773438,2875,224,80,-528,0,1.4525483038596576e-09,-6.126953167040483e-09,-2.4019982447498478e-08,2.4831613086231186e-08,-35.36326100145255,149.16522990612697,584.09000002402,4.191448920405977e-08,1.3334677659451474e-08,1001.0
24.913,-35.363261,149.1652299,584.09,6,10,0.0,0,0,-1001,0,0,0,945.0282592773438,2875,224,80,-528,0,1.3063115034128714e-09,-5.510116807272425e-09,-2.1601749722321983e-08,2.233166872492006e-08,-35.36326100130631,149.16522990551013,584.0900000216018,3.769471734080101e-08,1.1992178692710802e-08,1001.0
25.017,-35.363261,149.1652299,584.09,6,10,0.0,0,0,-1001,0,0,0,945.0282592773438,2876,224,80,-528,0,1.1747971484510344e-09,-4.9553818826097995e-09,-1.942703420354519e-08,2.0083466231908795e-08,-35.3632610011748,149.1652299049554,584.0900000194271,3.389978589843421e-08,1.0784842490392325e-08,1001.0
25.116,-35.363261,149.1652299,584.09,6,10,0.0,0,0,-1000,0,0,0,945.0282592773438,2877,224,80,-528,0,1.0565273100837658e-09,-4.456524038687348e-09,-1.7471165847382508e-08,1.806151966283834e-08,-35.36326100105653,149.16522990445654,584.0900000174712,3.0486916008227456e-08,9.699080077977789e-09,1000.0
25.215,-35.363261,149.1652299,584.09,6,10,0.0,0,0,-1001,0,0,0,945.0282592773438,2878,224,80,-528,0,9.501661679678364e-10,-4.007858933618991e-09,-1.5712316780991387e-08,1.624323390229802e-08,-35.36326100095017,149.16522990400787,584.0900000157123,2.7417640282191924e-08,8.722609579616418e-09,1001.0
25.314,-35.363261,149.1652299,584.09,6,10,0.0,0,0,-1001,0,0,0,945.0282592773438,2879,224,80,-528,0,8.545057994524541e-10,-3.604355924835545e-09,-1.4130478120932821e-08,1.4607942145297404e-08,-35.36326100085451,149.16522990360437,584.0900000141305,2.4657369261439097e-08,7.844456358630379e-09,1001.0
25.414,-35.363261,149.1652299,584.09,6,10,0.0,0,0,-1001,0,0,0,945.0282592773438,2879,224,80,-528,0,7.684732850066212e-10,-3.2414675388281466e-09,-1.2707801033684518e-08,1.3137194148932974e-08,-35.363261000768475,149.16522990324148,584.0900000127078,2.2174982004134784e-08,7.054730986375565e-09,1001.0
25.513,-35.363261,149.1652299,584.09,6,10,0.0,0,0,-1001,0,0,0,945.0282592773438,2880,224,80,-528,0,6.911022865097038e-10,-2.915129471148248e-09,-1.1428483048803173e-08,1.1814644599003285e-08,-35.363261000691104,149.16522990291514,584.0900000114285,1.9942506961854057e-08,6.344490416081256e-09,1001.0
25.612,-35.363261,149.1652299,584.09,6,10,0.0,0,0,-1001,0,0,0,945.0282592773438,2881,224,80,-528,0,6.215259418240748e-10,-2.621646899569896e-09,-1.0277972251060419e-08,1.0625254846635572e-08,-35.36326100062153,149.16522990262166,584.090000010278,1.7934793427640288e-08,5.7057475050716045e-09,1001.0
25.717,-35.363261,149.1652299,584.09,6,10,0.0,0,0,-1001,0,0,0,945.0282592773438,2882,224,80,-528,0,5.589555485130404e-10,-2.3577229057991644e-09,-9.24319465411827e-09,9.555518615944618e-09,-35.36326100055896,149.16522990235774,584.0900000092432,1.6129205596401028e-08,5.131321123168755e-09,1001.0
25.816,-35.363261,149.1652299,584.09,6,10,0.0,0,0,-1001,0,0,0,945.0282592773438,2883,224,80,-528,0,5.026805638408405e-10,-2.1203732103458606e-09,-8.312554200529121e-09,8.593440966059527e-09,-35.36326100050268,149.1652299021204,584.0900000083126,1.4505388384383857e-08,4.6147365072982665e-09,1001.0
25.915,-35.363261,149.1652299,584.09,6,10,0.0,0,0,-1001,0,0,0,945.0282592773438,2883,224,80,-528,0,4.5206860477264854e-10,-1.906897750814096e-09,-7.475705388060305e-09,7.72831133589705e-09,-35.36326100045207,149.1652299019069,584.0900000074757,1.3045052645481557e-08,4.15015986218781e-09,1001.0
26.014,-35.363261,149.1652299,584.09,6,10,0.0,0,0,-1001,0,0,0,945.0282592773438,2884,224,80,-528,0,4.065583425472141e-10,-1.7149375253211474e-09,-6.723098522343207e-09,6.950277270928317e-09,-35.36326100040656,149.16522990171495,584.0900000067231,1.1731733749383511e-08,3.73234209697414e-09,1001.0
26.113,-35.363261,149.1652299,584.09,6,10,0.0,0,0,-1001,0,0,0,945.0282592773438,2885,224,80,-528,0,3.6562397554007475e-10,-1.542275640531443e-09,-6.046207090548705e-09,6.2505131969037426e-09,-35.363261000365625,149.1652299015423,584.0900000060462,1.055063310279005e-08,3.3566021082922615e-09,1001.0
26.213,-35.363261,149.1652299,584.09,6,10,0.0,0,0,-1001,0,0,0,945.0282592773438,2886,224,80,-528,0,3.2881786182770156e-10,-1.387007841913146e-09,-5.437527761387173e-09,5.6212649906975306e-09,-35.36326100032882,149.16522990138702,584.0900000054376,9.488436211630003e-09,3.01867047972712e-09,1001.0
26.312,-35.363261,149.1652299,584.09,6,10,0.0,0,0,-1001,0,0,0,945.0282592773438,2886,224,80,-528,0,2.957207811959961e-10,-1.247371983481571e-09,-4.890125637757592e-09,5.055365110321906e-09,-35.36326100029572,149.1652299012474,584.0900000048902,8.533178508132453e-09,2.714752879485367e-09,1001.0
26.412,-35.363261,149.1652299,584.09,6,10,0.0,0,0,-1001,0,0,0,945.0282592773438,2887,224,80,-528,0,2.659490405676479e-10,-1.1218048712180462e-09,-4.3978616304229945e-09,4.546466977952682e-09,-35.36326100026595,149.16522990112182,584.0900000043979,7.674105791034421e-09,2.4414430669307364e-09,1001.0
26.517,-35.363261,149.1652299,584.09,6,10,0.0,0,0,-1001,0,0,0,945.0282592773438,2888,224,80,-528,0,2.391757902842073e-10,-1.0088569979416206e-09,-3.955165084335022e-09,4.088805246682301e-09,-35.36326100023918,149.16522990100887,584.0900000039552,6.901521855802324e-09,2.1956334759099004e-09,1001.0
26.617,-35.363261,149.1652299,584.09,6,10,0.0,0,0,-1001,0,0,0,945.0282592773438,2889,224,80,-528,0,2.1509549696929753e-10,-9.072778084373567e-10,-3.5569200917962007e-09,3.677104789630404e-09,-35.3632610002151,149.1652299009073,584.090000003557,6.2067068501018075e-09,1.974567641928522e-09,1001.0
26.715,-35.363261,149.1652299,584.09,6,10,0.0,0,0,-1001,0,0,0,945.0282592773438,2890,224,80,-528,0,1.9343815438332967e-10,-8.159304343280382e-10,-3.1988065529731102e-09,3.3068904058915654e-09,-35.36326100019344,149.16522990081594,584.0900000031988,5.581844029096503e-09,1.7757663781927543e-09,1001.0
26.814,-35.363261,149.1652299,584.09,6,10,0.0,0,0,-1001,0,0,0,945.0282592773438,2890,224,80,-528,0,1.7396217799614533e-10,-7.337916940741707e-10,-2.876731741707772e-09,2.973936549998072e-09,-35.363261000173964,149.1652299007338,584.0900000028768,5.019893587490357e-09,1.5970006049493518e-09,1001.0
26.914,-35.363261,149.1652299,584.09,6,10,0.0,0,0,-1001,0,0,0,945.0282592773438,2891,224,80,-528,0,1.5644729955965886e-10,-6.598952495551202e-10,-2.587171366030816e-09,2.674582803940585e-09,-35.36326100015645,149.1652299006599,584.0900000025872,4.51452073429471e-09,1.436223332755303e-09,1001.0
27.013,-35.363261,149.1652299,584.09,6,10,0.0,0,0,-1001,0,0,0,945.0282592773438,2892,224,80,-528,0,1.4069456710785744e-10,-5.934452929068357e-10,-2.326601133972872e-09,2.4052120724565644e-09,-35.363261000140696,149.16522990059346,584.0900000023266,4.060014214447535e-09,1.291646172451304e-09,1001.0
27.112,-35.363261,149.1652299,584.09,6,10,0.0,0,0,-1001,0,0,0,945.0282592773438,2893,224,80,-528,0,1.2653345038415864e-10,-5.337028596841265e-10,-2.0922925614286214e-09,2.1629927459681127e-09,-35.363261000126535,149.16522990053372,584.0900000020923,3.6512621693539724e-09,1.1616449462015962e-09,1001.0
27.217,-35.363261,149.1652299,584.09,6,10,0.0,0,0,-1001,0,0,0,945.0282592773438,2893,224,80,-528,0,1.1380052455933765e-10,-4.799858288606629e-10,-1.8817445379681885e-09,1.9453275974678786e-09,-35.3632610001138,149.16522990048,584.0900000018818,3.2836684300310076e-09,1.0447126614466027e-09,1001.0
27.317,-35.363261,149.1652299,584.09,6,10,0.0,0,0,-1001,0,0,0,945.0282592773438,2894,224,80,-528,0,1.0234657565888483e-10,-4.3166892282897606e-10,-1.6923422663239762e-09,1.7495242858765924e-09,-35.36326100010235,149.16522990043168,584.0900000016924,2.953084347586476e-09,9.395419497058815e-10,1001.0
27.416,-35.363261,149.1652299,584.09,6,10,0.0,0,0,-1001,0,0,0,945.0282592773438,2895,224,80,-528,0,9.203660056300578e-11,-3.8821212910988834e-10,-1.5220393834169954e-09,1.5734621945581071e-09,-35.36326100009204,149.16522990038823,584.0900000015221,2.6557838692470185e-09,8.449368820265916e-10,1001.0
27.515,-35.363261,149.1652299,584.09,6,10,0.0,0,0,-1001,0,0,0,945.0282592773438,2896,224,80,-528,0,8.277112328869407e-11,-3.4913227864308283e-10,-1.368789526168257e-09,1.4150368100473234e-09,-35.36326100008277,149.16522990034915,584.0900000013688,2.388407025583521e-09,7.598438613682419e-10,1001.0
27.614,-35.363261,149.1652299,584.09,6,10,0.0,0,0,-1001,0,0,0,945.0282592773438,2896,224,80,-528,0,7.44364569982281e-11,-3.1397462407767307e-10,-1.2308873920119368e-09,1.2724797139872652e-09,-35.36326100007444,149.165229900314,584.0900000012309,2.1479445180192066e-09,6.833409678595335e-10,1001.0
27.714,-35.363261,149.1652299,584.09,6,10,0.0,0,0,-1001,0,0,0,945.0282592773438,2897,224,80,-528,0,6.694023113595904e-11,-2.823696831910638e-10,-1.1069687388953753e-09,1.1443746857658006e-09,-35.36326100006694,149.16522990028238,584.090000001107,1.93169294600663e-09,6.145407787220392e-10,1001.0
27.813,-35.363261,149.1652299,584.09,6,10,0.0,0,0,-1001,0,0,0,945.0282592773438,2898,224,80,-528,0,6.020428600095329e-11,-2.539479737606598e-10,-9.955556379281916e-10,1.0291963649569686e-09,-35.363261000060206,149.16522990025396,584.0900000009956,1.7372189275025198e-09,5.52667292764473e-10,1001.0
27.913,-35.363261,149.1652299,584.09,6,10,0.0,0,0,-1000,0,0,0,945.0282592773438,2899,224,80,-528,0,5.4143356464919634e-11,-2.283968569827266e-10,-8.952838470577262e-10,9.255429726011416e-10,-35.363261000054145,149.1652299002284,584.0900000008953,1.5623149443685756e-09,4.970158743471307e-10,1000.0
28.012,-35.363261,149.1652299,584.09,6,10,0.0,0,0,-1001,0,0,0,945.0282592773438,2899,224,80,-528,0,4.8693493681639666e-11,-2.0540369405352976e-10,-8.052438715822063e-10,8.324538585281834e-10,-35.363261000048695,149.16522990020542,584.0900000008053,1.4050391229757373e-09,4.4697598870565814e-10,1001.0
28.117,-35.363261,149.1652299,584.09,6,10,0.0,0,0,-1001,0,0,0,945.0282592773438,2900,224,80,-528,0,4.3790748804894974e-11,-1.8471268958819564e-10,-7.241851562866941e-10,7.486524881156691e-10,-35.36326100004379,149.16522990018473,584.0900000007242,1.263605097190493e-09,4.0199525890405624e-10,1001.0
28.216,-35.363261,149.1652299,584.09,6,10,0.0,0,0,-1001,0,0,0,945.0282592773438,2901,224,80,-528,0,3.937827841582475e-11,-1.6612489162071142e-10,-6.513118933071382e-10,6.733166497201122e-10,-35.36326100003938,149.16522990016614,584.0900000006513,1.1364040024157164e-09,3.6152384159056203e-10,1001.0
28.315,-35.363261,149.1652299,584.09,6,10,0.0,0,0,-1001,0,0,0,945.0282592773438,2902,224,80,-528,0,3.5413449950283393e-11,-1.4941292647563387e-10,-5.857145879417658e-10,6.055079797683817e-10,-35.363261000035415,149.16522990014943,584.0900000005857,1.0220023718048953e-09,3.2512427817905235e-10,1001.0
28.414,-35.363261,149.1652299,584.09,6,10,0.0,0,0,-1001,0,0,0,945.0282592773438,2902,224,80,-528,0,3.184652541676769e-11,-1.3437784218695015e-10,-5.268248060019687e-10,5.446246247379507e-10,-35.36326100003185,149.1652299001344,584.0900000005269,9.191186148228796e-10,2.923626114432808e-10,1001.0
28.513,-35.363261,149.1652299,584.09,6,10,0.0,0,0,-1001,0,0,0,945.0282592773438,2903,224,80,-528,0,2.864197767848964e-11,-1.2084910849807784e-10,-4.73733052785974e-10,4.897426622339876e-10,-35.36326100002864,149.16522990012086,584.0900000004738,8.265892000415461e-10,2.6290999631022923e-10,1001.0
28.613,-35.363261,149.1652299,584.09,6,10,0.0,0,0,-1001,0,0,0,945.0282592773438,2904,224,80,-528,0,2.5757174171303632e-11,-1.0868461686186492e-10,-4.2598458094289526e-10,4.403846513728599e-10,-35.36326100002576,149.1652299001087,584.090000000426,7.433796937801055e-10,2.364535141303872e-10,1001.0
28.717,-35.363261,149.1652299,584.09,6,10,0.0,0,0,-1001,0,0,0,945.0282592773438,2904,224,80,-528,0,2.3163693185779266e-11,-9.774225873115938e-11,-3.830109562841244e-10,3.959640115686693e-10,-35.363261000023165,149.16522990009776,584.090000000383,6.685386263603924e-10,2.1267638379709765e-10,1001.0
28.817,-35.363261,149.1652299,584.09,6,10,0.0,0,0,-1001,0,0,0,945.0282592773438,2905,224,80,-528,0,2.0833113012486137e-11,-8.79083472682396e-11,-3.4447111829649657e-10,3.561211134679652e-10,-35.363261000020835,149.16522990008792,584.0900000003445,6.012311012114922e-10,1.912847983042532e-10,1001.0
28.917,-35.363261,149.1652299,584.09,6,10,0.0,0,0,-1001,0,0,0,945.0282592773438,2906,224,80,-528,0,1.8737011941993842e-11,-7.904077392595354e-11,-3.097966327914037e-10,3.2026937606992636e-10,-35.36326100001874,149.16522990007905,584.0900000003098,5.407037415583706e-10,1.7205766312656644e-10,1001.0
29.016,-35.363261,149.1652299,584.09,6,10,0.0,0,0,-1001,0,0,0,945.0282592773438,2907,224,80,-528,0,1.6854073692229576e-11,-7.108269528544042e-11,-2.7853275241795927e-10,2.8795364824671014e-10,-35.363261000016855,149.1652299000711,584.0900000002786,4.862537205302233e-10,1.547582293567302e-10,1001.0
29.115,-35.363261,149.1652299,584.09,6,10,0.0,0,0,-1001,0,0,0,945.0282592773438,2907,224,80,-528,0,1.5155876553762937e-11,-6.392042450897861e-11,-2.5056579033844173e-10,2.590342381837754e-10,-35.36326100001516,149.16522990006393,584.0900000002506,4.372918955370339e-10,1.3918571240670715e-10,1001.0
29.214,-35.363261,149.1652299,584.09,6,10,0.0,0,0,-1001,0,0,0,945.0282592773438,2908,224,80,-528,0,1.3635315099236323e-11,-5.74686964682769e-11,-2.2532731236424297e-10,2.329398432834356e-10,-35.36326100001364,149.16522990005748,584.0900000002254,3.9325421489336615e-10,1.251722663424744e-10,1001.0
29.313,-35.363261,149.1652299,584.09,6,10,0.0,0,0,-1001,0,0,0,945.0282592773438,2909,224,80,-528,0,1.226396761921933e-11,-5.1670667744474486e-11,-2.0270363165764138e-10,2.0954480450281245e-10,-35.363261000012265,149.16522990005168,584.0900000002027,3.536578973668093e-10,1.1256191851479892e-10,1001.0
29.412,-35.363261,149.1652299,584.09,6,10,0.0,0,0,-1001,0,0,0,945.0282592773438,2909,224,80,-528,0,1.1027623258996755e-11,-4.646949491871055e-11,-1.823536877054721e-10,1.885043496912665e-10,-35.36326100001103,149.16522990004648,584.0900000001824,3.1804586986214085e-10,1.0119118748116355e-10,1001.0
29.517,-35.363261,149.1652299,584.09,6,10,0.0,0,0,-1001,0,0,0,945.0282592773438,2910,224,80,-528,0,9.912071163853398e-12,-4.1808334572124295e-11,-1.6393641999457031e-10,1.6947370237027374e-10,-35.36326100000991,149.16522990004182,584.090000000164,2.8601897387576947e-10,9.097837813450463e-11,1001.0
29.616,-35.363261,149.1652299,584.09,6,10,0.0,0,0,-1001,0,0,0,945.0282592773438,2911,224,80,-528,0,8.910205906431656e-12,-3.76019215764245e-11,-1.47451828524936e-10,1.524314206811762e-10,-35.36326100000891,149.16522990003762,584.0900000001475,2.572236508066011e-10,8.179836541742913e-11,1001.0
29.716,-35.363261,149.1652299,584.09,6,10,0.0,0,0,-1001,0,0,0,945.0282592773438,2912,224,80,-528,0,8.01492205937393e-12,-3.3793412512750365e-11,-1.325588527834043e-10,1.3703314619509764e-10,-35.363261000008016,149.1652299000338,584.0900000001326,2.313305642692439e-10,7.356864040150838e-11,1001.0
29.814,-35.363261,149.1652299,584.09,6,10,0.0,0,0,-1001,0,0,0,945.0282592773438,2912,224,80,-528,0,7.212008767965017e-12,-3.041122909053229e-11,-1.191438059322536e-10,1.2317508846064837e-10,-35.36326100000721,149.16522990003043,584.0900000001192,2.0803596176851223e-10,6.617287491960623e-11,1001.0
29.914,-35.363261,149.1652299,584.09,6,10,0.0,0,0,-1001,0,0,0,945.0282592773438,2913,224,80,-528,0,6.480149750132114e-12,-2.7341684472048655e-11,-1.070930011337623e-10,1.1071797930954672e-10,-35.36326100000648,149.16522990002736,584.0900000001071,1.8708082209247428e-10,5.952862617807501e-11,1001.0
